batch	bioproject	previous_group	reported_region	reported_primers	verified_region	verified_primers	status	note
B01	PRJNA603147	Group_A_V4	V4	515F/806R	NA	515F/806R (partial)	pending	primers preceded by ~12-15 nt spacer/barcode, beyond the 30 bp window of step 01
B02	PRJNA603199	Group_A_V4	V4	515F/806R	NA	NA	check	possible fungal ITS (ITS4/ITS1F sequences in reads) although listed in Group_A_V4
B03	PRJNA603207	Group_A_V4	V4	515F/806R	NA	NA	pending	
B04	PRJNA544311	Group_A2_V4_Ontario	V4	515F/806R	V4 (expected)	NA	pending	reads start right after 515F: primers removed before submission; many chloroplast-like reads
B05	PRJNA1092852	Group_B_V3V4	V3-V4	338F/806R	V5-V7	799F/1193R	verified	paper reports 338F/806R; reads show 799F/1193R (~99%), mixed orientation; .1 libraries are ITS and excluded
B06	PRJNA987554	Group_B_V3V4	V3-V4	341F or 338F/806R	NA	NA	check	sampled run is fungal ITS with primers removed; bacterial runs still to identify
B07	PRJNA601979	Group_C_V2V3	V2-V3	520F/799R	V4	520F/799R	verified	paper states V2-V3; reads start with 520F (AGCAGCCGCGGTAAT) and 799R, confirming V4
B08	PRJNA862265	Group_D_V4V5	V4-V5	515F/907R	NA	NA	pending	
B09	PRJNA661376	Group_E_V5V6	V5-V6	799F/1115R	NA	NA	exclude?	RNA-Seq, not amplicon (27 runs vs 93 samples in table); find the BioProject with the 16S data
B10	PRJNA1280517	Group_F_V5V7	V5-V7	799F/1193R	V5-V7 (expected)	NA	pending	reads start right after 799F: primers removed before submission
